{
    "meta": {
        "title": "Chauffage - Thermosolis | Expert Chauffage & Climatisation",
        "description": "Expert en chauffage, climatisation et énergies renouvelables. Plus de 15 ans d'expérience. Devis gratuit et intervention rapide 24/7.",
        "keywords": [
            "chauffage",
            "climatisation",
            "pompe à chaleur",
            "panneaux solaires",
            "ventilation",
            "RGE"
        ],
        "author": "Thermosolis",
        "canonical": "https://thermosolis.fr/",
        "locale": "fr_FR",
        "robots": "index, follow",
        "og": {
            "type": "website",
            "image": "/images/og-home.jpg",
            "imageAlt": "Thermosolis - Votre expert en confort thermique"
        }
    },
    "theme": "light",
    "blocks": [
        "../../_shared/navigation.json",
        "cta.json",
        "../../_shared/footer.json"
    ]
}